template_sheet,source_row,sample_number_raw,raw_row_json
Sheet1,2,1,"{""序号"":""1"",""附件三（400个样品）磁芯损耗预测结果"":"""",""附件二（80个样品）励磁波形分类结果"":""""}"
Sheet1,3,2,"{""序号"":""2"",""附件三（400个样品）磁芯损耗预测结果"":"""",""附件二（80个样品）励磁波形分类结果"":""""}"
Sheet1,4,3,"{""序号"":""3"",""附件三（400个样品）磁芯损耗预测结果"":"""",""附件二（80个样品）励磁波形分类结果"":""""}"
Sheet1,5,4,"{""序号"":""4"",""附件三（400个样品）磁芯损耗预测结果"":"""",""附件二（80个样品）励磁波形分类结果"":""""}"
Sheet1,6,5,"{""序号"":""5"",""附件三（400个样品）磁芯损耗预测结果"":"""",""附件二（80个样品）励磁波形分类结果"":""""}"
Sheet1,7,6,"{""序号"":""6"",""附件三（400个样品）磁芯损耗预测结果"":"""",""附件二（80个样品）励磁波形分类结果"":""""}"
Sheet1,8,7,"{""序号"":""7"",""附件三（400个样品）磁芯损耗预测结果"":"""",""附件二（80个样品）励磁波形分类结果"":""""}"
Sheet1,9,8,"{""序号"":""8"",""附件三（400个样品）磁芯损耗预测结果"":"""",""附件二（80个样品）励磁波形分类结果"":""""}"
Sheet1,10,9,"{""序号"":""9"",""附件三（400个样品）磁芯损耗预测结果"":"""",""附件二（80个样品）励磁波形分类结果"":""""}"
Sheet1,11,10,"{""序号"":""10"",""附件三（400个样品）磁芯损耗预测结果"":"""",""附件二（80个样品）励磁波形分类结果"":""""}"
Sheet1,12,11,"{""序号"":""11"",""附件三（400个样品）磁芯损耗预测结果"":"""",""附件二（80个样品）励磁波形分类结果"":""""}"
Sheet1,13,12,"{""序号"":""12"",""附件三（400个样品）磁芯损耗预测结果"":"""",""附件二（80个样品）励磁波形分类结果"":""""}"
Sheet1,14,13,"{""序号"":""13"",""附件三（400个样品）磁芯损耗预测结果"":"""",""附件二（80个样品）励磁波形分类结果"":""""}"
Sheet1,15,14,"{""序号"":""14"",""附件三（400个样品）磁芯损耗预测结果"":"""",""附件二（80个样品）励磁波形分类结果"":""""}"
Sheet1,16,15,"{""序号"":""15"",""附件三（400个样品）磁芯损耗预测结果"":"""",""附件二（80个样品）励磁波形分类结果"":""""}"
Sheet1,17,16,"{""序号"":""16"",""附件三（400个样品）磁芯损耗预测结果"":"""",""附件二（80个样品）励磁波形分类结果"":""""}"
Sheet1,18,17,"{""序号"":""17"",""附件三（400个样品）磁芯损耗预测结果"":"""",""附件二（80个样品）励磁波形分类结果"":""""}"
Sheet1,19,18,"{""序号"":""18"",""附件三（400个样品）磁芯损耗预测结果"":"""",""附件二（80个样品）励磁波形分类结果"":""""}"
Sheet1,20,19,"{""序号"":""19"",""附件三（400个样品）磁芯损耗预测结果"":"""",""附件二（80个样品）励磁波形分类结果"":""""}"
Sheet1,21,20,"{""序号"":""20"",""附件三（400个样品）磁芯损耗预测结果"":"""",""附件二（80个样品）励磁波形分类结果"":""""}"
Sheet1,22,21,"{""序号"":""21"",""附件三（400个样品）磁芯损耗预测结果"":"""",""附件二（80个样品）励磁波形分类结果"":""""}"
Sheet1,23,22,"{""序号"":""22"",""附件三（400个样品）磁芯损耗预测结果"":"""",""附件二（80个样品）励磁波形分类结果"":""""}"
Sheet1,24,23,"{""序号"":""23"",""附件三（400个样品）磁芯损耗预测结果"":"""",""附件二（80个样品）励磁波形分类结果"":""""}"
Sheet1,25,24,"{""序号"":""24"",""附件三（400个样品）磁芯损耗预测结果"":"""",""附件二（80个样品）励磁波形分类结果"":""""}"
Sheet1,26,25,"{""序号"":""25"",""附件三（400个样品）磁芯损耗预测结果"":"""",""附件二（80个样品）励磁波形分类结果"":""""}"
Sheet1,27,26,"{""序号"":""26"",""附件三（400个样品）磁芯损耗预测结果"":"""",""附件二（80个样品）励磁波形分类结果"":""""}"
Sheet1,28,27,"{""序号"":""27"",""附件三（400个样品）磁芯损耗预测结果"":"""",""附件二（80个样品）励磁波形分类结果"":""""}"
Sheet1,29,28,"{""序号"":""28"",""附件三（400个样品）磁芯损耗预测结果"":"""",""附件二（80个样品）励磁波形分类结果"":""""}"
Sheet1,30,29,"{""序号"":""29"",""附件三（400个样品）磁芯损耗预测结果"":"""",""附件二（80个样品）励磁波形分类结果"":""""}"
Sheet1,31,30,"{""序号"":""30"",""附件三（400个样品）磁芯损耗预测结果"":"""",""附件二（80个样品）励磁波形分类结果"":""""}"
Sheet1,32,31,"{""序号"":""31"",""附件三（400个样品）磁芯损耗预测结果"":"""",""附件二（80个样品）励磁波形分类结果"":""""}"
Sheet1,33,32,"{""序号"":""32"",""附件三（400个样品）磁芯损耗预测结果"":"""",""附件二（80个样品）励磁波形分类结果"":""""}"
Sheet1,34,33,"{""序号"":""33"",""附件三（400个样品）磁芯损耗预测结果"":"""",""附件二（80个样品）励磁波形分类结果"":""""}"
Sheet1,35,34,"{""序号"":""34"",""附件三（400个样品）磁芯损耗预测结果"":"""",""附件二（80个样品）励磁波形分类结果"":""""}"
Sheet1,36,35,"{""序号"":""35"",""附件三（400个样品）磁芯损耗预测结果"":"""",""附件二（80个样品）励磁波形分类结果"":""""}"
Sheet1,37,36,"{""序号"":""36"",""附件三（400个样品）磁芯损耗预测结果"":"""",""附件二（80个样品）励磁波形分类结果"":""""}"
Sheet1,38,37,"{""序号"":""37"",""附件三（400个样品）磁芯损耗预测结果"":"""",""附件二（80个样品）励磁波形分类结果"":""""}"
Sheet1,39,38,"{""序号"":""38"",""附件三（400个样品）磁芯损耗预测结果"":"""",""附件二（80个样品）励磁波形分类结果"":""""}"
Sheet1,40,39,"{""序号"":""39"",""附件三（400个样品）磁芯损耗预测结果"":"""",""附件二（80个样品）励磁波形分类结果"":""""}"
Sheet1,41,40,"{""序号"":""40"",""附件三（400个样品）磁芯损耗预测结果"":"""",""附件二（80个样品）励磁波形分类结果"":""""}"
Sheet1,42,41,"{""序号"":""41"",""附件三（400个样品）磁芯损耗预测结果"":"""",""附件二（80个样品）励磁波形分类结果"":""""}"
Sheet1,43,42,"{""序号"":""42"",""附件三（400个样品）磁芯损耗预测结果"":"""",""附件二（80个样品）励磁波形分类结果"":""""}"
Sheet1,44,43,"{""序号"":""43"",""附件三（400个样品）磁芯损耗预测结果"":"""",""附件二（80个样品）励磁波形分类结果"":""""}"
Sheet1,45,44,"{""序号"":""44"",""附件三（400个样品）磁芯损耗预测结果"":"""",""附件二（80个样品）励磁波形分类结果"":""""}"
Sheet1,46,45,"{""序号"":""45"",""附件三（400个样品）磁芯损耗预测结果"":"""",""附件二（80个样品）励磁波形分类结果"":""""}"
Sheet1,47,46,"{""序号"":""46"",""附件三（400个样品）磁芯损耗预测结果"":"""",""附件二（80个样品）励磁波形分类结果"":""""}"
Sheet1,48,47,"{""序号"":""47"",""附件三（400个样品）磁芯损耗预测结果"":"""",""附件二（80个样品）励磁波形分类结果"":""""}"
Sheet1,49,48,"{""序号"":""48"",""附件三（400个样品）磁芯损耗预测结果"":"""",""附件二（80个样品）励磁波形分类结果"":""""}"
Sheet1,50,49,"{""序号"":""49"",""附件三（400个样品）磁芯损耗预测结果"":"""",""附件二（80个样品）励磁波形分类结果"":""""}"
Sheet1,51,50,"{""序号"":""50"",""附件三（400个样品）磁芯损耗预测结果"":"""",""附件二（80个样品）励磁波形分类结果"":""""}"
Sheet1,52,51,"{""序号"":""51"",""附件三（400个样品）磁芯损耗预测结果"":"""",""附件二（80个样品）励磁波形分类结果"":""""}"
Sheet1,53,52,"{""序号"":""52"",""附件三（400个样品）磁芯损耗预测结果"":"""",""附件二（80个样品）励磁波形分类结果"":""""}"
Sheet1,54,53,"{""序号"":""53"",""附件三（400个样品）磁芯损耗预测结果"":"""",""附件二（80个样品）励磁波形分类结果"":""""}"
Sheet1,55,54,"{""序号"":""54"",""附件三（400个样品）磁芯损耗预测结果"":"""",""附件二（80个样品）励磁波形分类结果"":""""}"
Sheet1,56,55,"{""序号"":""55"",""附件三（400个样品）磁芯损耗预测结果"":"""",""附件二（80个样品）励磁波形分类结果"":""""}"
Sheet1,57,56,"{""序号"":""56"",""附件三（400个样品）磁芯损耗预测结果"":"""",""附件二（80个样品）励磁波形分类结果"":""""}"
Sheet1,58,57,"{""序号"":""57"",""附件三（400个样品）磁芯损耗预测结果"":"""",""附件二（80个样品）励磁波形分类结果"":""""}"
Sheet1,59,58,"{""序号"":""58"",""附件三（400个样品）磁芯损耗预测结果"":"""",""附件二（80个样品）励磁波形分类结果"":""""}"
Sheet1,60,59,"{""序号"":""59"",""附件三（400个样品）磁芯损耗预测结果"":"""",""附件二（80个样品）励磁波形分类结果"":""""}"
Sheet1,61,60,"{""序号"":""60"",""附件三（400个样品）磁芯损耗预测结果"":"""",""附件二（80个样品）励磁波形分类结果"":""""}"
Sheet1,62,61,"{""序号"":""61"",""附件三（400个样品）磁芯损耗预测结果"":"""",""附件二（80个样品）励磁波形分类结果"":""""}"
Sheet1,63,62,"{""序号"":""62"",""附件三（400个样品）磁芯损耗预测结果"":"""",""附件二（80个样品）励磁波形分类结果"":""""}"
Sheet1,64,63,"{""序号"":""63"",""附件三（400个样品）磁芯损耗预测结果"":"""",""附件二（80个样品）励磁波形分类结果"":""""}"
Sheet1,65,64,"{""序号"":""64"",""附件三（400个样品）磁芯损耗预测结果"":"""",""附件二（80个样品）励磁波形分类结果"":""""}"
Sheet1,66,65,"{""序号"":""65"",""附件三（400个样品）磁芯损耗预测结果"":"""",""附件二（80个样品）励磁波形分类结果"":""""}"
Sheet1,67,66,"{""序号"":""66"",""附件三（400个样品）磁芯损耗预测结果"":"""",""附件二（80个样品）励磁波形分类结果"":""""}"
Sheet1,68,67,"{""序号"":""67"",""附件三（400个样品）磁芯损耗预测结果"":"""",""附件二（80个样品）励磁波形分类结果"":""""}"
Sheet1,69,68,"{""序号"":""68"",""附件三（400个样品）磁芯损耗预测结果"":"""",""附件二（80个样品）励磁波形分类结果"":""""}"
Sheet1,70,69,"{""序号"":""69"",""附件三（400个样品）磁芯损耗预测结果"":"""",""附件二（80个样品）励磁波形分类结果"":""""}"
Sheet1,71,70,"{""序号"":""70"",""附件三（400个样品）磁芯损耗预测结果"":"""",""附件二（80个样品）励磁波形分类结果"":""""}"
Sheet1,72,71,"{""序号"":""71"",""附件三（400个样品）磁芯损耗预测结果"":"""",""附件二（80个样品）励磁波形分类结果"":""""}"
Sheet1,73,72,"{""序号"":""72"",""附件三（400个样品）磁芯损耗预测结果"":"""",""附件二（80个样品）励磁波形分类结果"":""""}"
Sheet1,74,73,"{""序号"":""73"",""附件三（400个样品）磁芯损耗预测结果"":"""",""附件二（80个样品）励磁波形分类结果"":""""}"
Sheet1,75,74,"{""序号"":""74"",""附件三（400个样品）磁芯损耗预测结果"":"""",""附件二（80个样品）励磁波形分类结果"":""""}"
Sheet1,76,75,"{""序号"":""75"",""附件三（400个样品）磁芯损耗预测结果"":"""",""附件二（80个样品）励磁波形分类结果"":""""}"
Sheet1,77,76,"{""序号"":""76"",""附件三（400个样品）磁芯损耗预测结果"":"""",""附件二（80个样品）励磁波形分类结果"":""""}"
Sheet1,78,77,"{""序号"":""77"",""附件三（400个样品）磁芯损耗预测结果"":"""",""附件二（80个样品）励磁波形分类结果"":""""}"
Sheet1,79,78,"{""序号"":""78"",""附件三（400个样品）磁芯损耗预测结果"":"""",""附件二（80个样品）励磁波形分类结果"":""""}"
Sheet1,80,79,"{""序号"":""79"",""附件三（400个样品）磁芯损耗预测结果"":"""",""附件二（80个样品）励磁波形分类结果"":""""}"
Sheet1,81,80,"{""序号"":""80"",""附件三（400个样品）磁芯损耗预测结果"":"""",""附件二（80个样品）励磁波形分类结果"":""""}"
Sheet1,82,81,"{""序号"":""81"",""附件三（400个样品）磁芯损耗预测结果"":"""",""附件二（80个样品）励磁波形分类结果"":""""}"
Sheet1,83,82,"{""序号"":""82"",""附件三（400个样品）磁芯损耗预测结果"":"""",""附件二（80个样品）励磁波形分类结果"":""""}"
Sheet1,84,83,"{""序号"":""83"",""附件三（400个样品）磁芯损耗预测结果"":"""",""附件二（80个样品）励磁波形分类结果"":""""}"
Sheet1,85,84,"{""序号"":""84"",""附件三（400个样品）磁芯损耗预测结果"":"""",""附件二（80个样品）励磁波形分类结果"":""""}"
Sheet1,86,85,"{""序号"":""85"",""附件三（400个样品）磁芯损耗预测结果"":"""",""附件二（80个样品）励磁波形分类结果"":""""}"
Sheet1,87,86,"{""序号"":""86"",""附件三（400个样品）磁芯损耗预测结果"":"""",""附件二（80个样品）励磁波形分类结果"":""""}"
Sheet1,88,87,"{""序号"":""87"",""附件三（400个样品）磁芯损耗预测结果"":"""",""附件二（80个样品）励磁波形分类结果"":""""}"
Sheet1,89,88,"{""序号"":""88"",""附件三（400个样品）磁芯损耗预测结果"":"""",""附件二（80个样品）励磁波形分类结果"":""""}"
Sheet1,90,89,"{""序号"":""89"",""附件三（400个样品）磁芯损耗预测结果"":"""",""附件二（80个样品）励磁波形分类结果"":""""}"
Sheet1,91,90,"{""序号"":""90"",""附件三（400个样品）磁芯损耗预测结果"":"""",""附件二（80个样品）励磁波形分类结果"":""""}"
Sheet1,92,91,"{""序号"":""91"",""附件三（400个样品）磁芯损耗预测结果"":"""",""附件二（80个样品）励磁波形分类结果"":""""}"
Sheet1,93,92,"{""序号"":""92"",""附件三（400个样品）磁芯损耗预测结果"":"""",""附件二（80个样品）励磁波形分类结果"":""""}"
Sheet1,94,93,"{""序号"":""93"",""附件三（400个样品）磁芯损耗预测结果"":"""",""附件二（80个样品）励磁波形分类结果"":""""}"
Sheet1,95,94,"{""序号"":""94"",""附件三（400个样品）磁芯损耗预测结果"":"""",""附件二（80个样品）励磁波形分类结果"":""""}"
Sheet1,96,95,"{""序号"":""95"",""附件三（400个样品）磁芯损耗预测结果"":"""",""附件二（80个样品）励磁波形分类结果"":""""}"
Sheet1,97,96,"{""序号"":""96"",""附件三（400个样品）磁芯损耗预测结果"":"""",""附件二（80个样品）励磁波形分类结果"":""""}"
Sheet1,98,97,"{""序号"":""97"",""附件三（400个样品）磁芯损耗预测结果"":"""",""附件二（80个样品）励磁波形分类结果"":""""}"
Sheet1,99,98,"{""序号"":""98"",""附件三（400个样品）磁芯损耗预测结果"":"""",""附件二（80个样品）励磁波形分类结果"":""""}"
Sheet1,100,99,"{""序号"":""99"",""附件三（400个样品）磁芯损耗预测结果"":"""",""附件二（80个样品）励磁波形分类结果"":""""}"
Sheet1,101,100,"{""序号"":""100"",""附件三（400个样品）磁芯损耗预测结果"":"""",""附件二（80个样品）励磁波形分类结果"":""""}"
Sheet1,102,101,"{""序号"":""101"",""附件三（400个样品）磁芯损耗预测结果"":"""",""附件二（80个样品）励磁波形分类结果"":""""}"
Sheet1,103,102,"{""序号"":""102"",""附件三（400个样品）磁芯损耗预测结果"":"""",""附件二（80个样品）励磁波形分类结果"":""""}"
Sheet1,104,103,"{""序号"":""103"",""附件三（400个样品）磁芯损耗预测结果"":"""",""附件二（80个样品）励磁波形分类结果"":""""}"
Sheet1,105,104,"{""序号"":""104"",""附件三（400个样品）磁芯损耗预测结果"":"""",""附件二（80个样品）励磁波形分类结果"":""""}"
Sheet1,106,105,"{""序号"":""105"",""附件三（400个样品）磁芯损耗预测结果"":"""",""附件二（80个样品）励磁波形分类结果"":""""}"
Sheet1,107,106,"{""序号"":""106"",""附件三（400个样品）磁芯损耗预测结果"":"""",""附件二（80个样品）励磁波形分类结果"":""""}"
Sheet1,108,107,"{""序号"":""107"",""附件三（400个样品）磁芯损耗预测结果"":"""",""附件二（80个样品）励磁波形分类结果"":""""}"
Sheet1,109,108,"{""序号"":""108"",""附件三（400个样品）磁芯损耗预测结果"":"""",""附件二（80个样品）励磁波形分类结果"":""""}"
Sheet1,110,109,"{""序号"":""109"",""附件三（400个样品）磁芯损耗预测结果"":"""",""附件二（80个样品）励磁波形分类结果"":""""}"
Sheet1,111,110,"{""序号"":""110"",""附件三（400个样品）磁芯损耗预测结果"":"""",""附件二（80个样品）励磁波形分类结果"":""""}"
Sheet1,112,111,"{""序号"":""111"",""附件三（400个样品）磁芯损耗预测结果"":"""",""附件二（80个样品）励磁波形分类结果"":""""}"
Sheet1,113,112,"{""序号"":""112"",""附件三（400个样品）磁芯损耗预测结果"":"""",""附件二（80个样品）励磁波形分类结果"":""""}"
Sheet1,114,113,"{""序号"":""113"",""附件三（400个样品）磁芯损耗预测结果"":"""",""附件二（80个样品）励磁波形分类结果"":""""}"
Sheet1,115,114,"{""序号"":""114"",""附件三（400个样品）磁芯损耗预测结果"":"""",""附件二（80个样品）励磁波形分类结果"":""""}"
Sheet1,116,115,"{""序号"":""115"",""附件三（400个样品）磁芯损耗预测结果"":"""",""附件二（80个样品）励磁波形分类结果"":""""}"
Sheet1,117,116,"{""序号"":""116"",""附件三（400个样品）磁芯损耗预测结果"":"""",""附件二（80个样品）励磁波形分类结果"":""""}"
Sheet1,118,117,"{""序号"":""117"",""附件三（400个样品）磁芯损耗预测结果"":"""",""附件二（80个样品）励磁波形分类结果"":""""}"
Sheet1,119,118,"{""序号"":""118"",""附件三（400个样品）磁芯损耗预测结果"":"""",""附件二（80个样品）励磁波形分类结果"":""""}"
Sheet1,120,119,"{""序号"":""119"",""附件三（400个样品）磁芯损耗预测结果"":"""",""附件二（80个样品）励磁波形分类结果"":""""}"
Sheet1,121,120,"{""序号"":""120"",""附件三（400个样品）磁芯损耗预测结果"":"""",""附件二（80个样品）励磁波形分类结果"":""""}"
Sheet1,122,121,"{""序号"":""121"",""附件三（400个样品）磁芯损耗预测结果"":"""",""附件二（80个样品）励磁波形分类结果"":""""}"
Sheet1,123,122,"{""序号"":""122"",""附件三（400个样品）磁芯损耗预测结果"":"""",""附件二（80个样品）励磁波形分类结果"":""""}"
Sheet1,124,123,"{""序号"":""123"",""附件三（400个样品）磁芯损耗预测结果"":"""",""附件二（80个样品）励磁波形分类结果"":""""}"
Sheet1,125,124,"{""序号"":""124"",""附件三（400个样品）磁芯损耗预测结果"":"""",""附件二（80个样品）励磁波形分类结果"":""""}"
Sheet1,126,125,"{""序号"":""125"",""附件三（400个样品）磁芯损耗预测结果"":"""",""附件二（80个样品）励磁波形分类结果"":""""}"
Sheet1,127,126,"{""序号"":""126"",""附件三（400个样品）磁芯损耗预测结果"":"""",""附件二（80个样品）励磁波形分类结果"":""""}"
Sheet1,128,127,"{""序号"":""127"",""附件三（400个样品）磁芯损耗预测结果"":"""",""附件二（80个样品）励磁波形分类结果"":""""}"
Sheet1,129,128,"{""序号"":""128"",""附件三（400个样品）磁芯损耗预测结果"":"""",""附件二（80个样品）励磁波形分类结果"":""""}"
Sheet1,130,129,"{""序号"":""129"",""附件三（400个样品）磁芯损耗预测结果"":"""",""附件二（80个样品）励磁波形分类结果"":""""}"
Sheet1,131,130,"{""序号"":""130"",""附件三（400个样品）磁芯损耗预测结果"":"""",""附件二（80个样品）励磁波形分类结果"":""""}"
Sheet1,132,131,"{""序号"":""131"",""附件三（400个样品）磁芯损耗预测结果"":"""",""附件二（80个样品）励磁波形分类结果"":""""}"
Sheet1,133,132,"{""序号"":""132"",""附件三（400个样品）磁芯损耗预测结果"":"""",""附件二（80个样品）励磁波形分类结果"":""""}"
Sheet1,134,133,"{""序号"":""133"",""附件三（400个样品）磁芯损耗预测结果"":"""",""附件二（80个样品）励磁波形分类结果"":""""}"
Sheet1,135,134,"{""序号"":""134"",""附件三（400个样品）磁芯损耗预测结果"":"""",""附件二（80个样品）励磁波形分类结果"":""""}"
Sheet1,136,135,"{""序号"":""135"",""附件三（400个样品）磁芯损耗预测结果"":"""",""附件二（80个样品）励磁波形分类结果"":""""}"
Sheet1,137,136,"{""序号"":""136"",""附件三（400个样品）磁芯损耗预测结果"":"""",""附件二（80个样品）励磁波形分类结果"":""""}"
Sheet1,138,137,"{""序号"":""137"",""附件三（400个样品）磁芯损耗预测结果"":"""",""附件二（80个样品）励磁波形分类结果"":""""}"
Sheet1,139,138,"{""序号"":""138"",""附件三（400个样品）磁芯损耗预测结果"":"""",""附件二（80个样品）励磁波形分类结果"":""""}"
Sheet1,140,139,"{""序号"":""139"",""附件三（400个样品）磁芯损耗预测结果"":"""",""附件二（80个样品）励磁波形分类结果"":""""}"
Sheet1,141,140,"{""序号"":""140"",""附件三（400个样品）磁芯损耗预测结果"":"""",""附件二（80个样品）励磁波形分类结果"":""""}"
Sheet1,142,141,"{""序号"":""141"",""附件三（400个样品）磁芯损耗预测结果"":"""",""附件二（80个样品）励磁波形分类结果"":""""}"
Sheet1,143,142,"{""序号"":""142"",""附件三（400个样品）磁芯损耗预测结果"":"""",""附件二（80个样品）励磁波形分类结果"":""""}"
Sheet1,144,143,"{""序号"":""143"",""附件三（400个样品）磁芯损耗预测结果"":"""",""附件二（80个样品）励磁波形分类结果"":""""}"
Sheet1,145,144,"{""序号"":""144"",""附件三（400个样品）磁芯损耗预测结果"":"""",""附件二（80个样品）励磁波形分类结果"":""""}"
Sheet1,146,145,"{""序号"":""145"",""附件三（400个样品）磁芯损耗预测结果"":"""",""附件二（80个样品）励磁波形分类结果"":""""}"
Sheet1,147,146,"{""序号"":""146"",""附件三（400个样品）磁芯损耗预测结果"":"""",""附件二（80个样品）励磁波形分类结果"":""""}"
Sheet1,148,147,"{""序号"":""147"",""附件三（400个样品）磁芯损耗预测结果"":"""",""附件二（80个样品）励磁波形分类结果"":""""}"
Sheet1,149,148,"{""序号"":""148"",""附件三（400个样品）磁芯损耗预测结果"":"""",""附件二（80个样品）励磁波形分类结果"":""""}"
Sheet1,150,149,"{""序号"":""149"",""附件三（400个样品）磁芯损耗预测结果"":"""",""附件二（80个样品）励磁波形分类结果"":""""}"
Sheet1,151,150,"{""序号"":""150"",""附件三（400个样品）磁芯损耗预测结果"":"""",""附件二（80个样品）励磁波形分类结果"":""""}"
Sheet1,152,151,"{""序号"":""151"",""附件三（400个样品）磁芯损耗预测结果"":"""",""附件二（80个样品）励磁波形分类结果"":""""}"
Sheet1,153,152,"{""序号"":""152"",""附件三（400个样品）磁芯损耗预测结果"":"""",""附件二（80个样品）励磁波形分类结果"":""""}"
Sheet1,154,153,"{""序号"":""153"",""附件三（400个样品）磁芯损耗预测结果"":"""",""附件二（80个样品）励磁波形分类结果"":""""}"
Sheet1,155,154,"{""序号"":""154"",""附件三（400个样品）磁芯损耗预测结果"":"""",""附件二（80个样品）励磁波形分类结果"":""""}"
Sheet1,156,155,"{""序号"":""155"",""附件三（400个样品）磁芯损耗预测结果"":"""",""附件二（80个样品）励磁波形分类结果"":""""}"
Sheet1,157,156,"{""序号"":""156"",""附件三（400个样品）磁芯损耗预测结果"":"""",""附件二（80个样品）励磁波形分类结果"":""""}"
Sheet1,158,157,"{""序号"":""157"",""附件三（400个样品）磁芯损耗预测结果"":"""",""附件二（80个样品）励磁波形分类结果"":""""}"
Sheet1,159,158,"{""序号"":""158"",""附件三（400个样品）磁芯损耗预测结果"":"""",""附件二（80个样品）励磁波形分类结果"":""""}"
Sheet1,160,159,"{""序号"":""159"",""附件三（400个样品）磁芯损耗预测结果"":"""",""附件二（80个样品）励磁波形分类结果"":""""}"
Sheet1,161,160,"{""序号"":""160"",""附件三（400个样品）磁芯损耗预测结果"":"""",""附件二（80个样品）励磁波形分类结果"":""""}"
Sheet1,162,161,"{""序号"":""161"",""附件三（400个样品）磁芯损耗预测结果"":"""",""附件二（80个样品）励磁波形分类结果"":""""}"
Sheet1,163,162,"{""序号"":""162"",""附件三（400个样品）磁芯损耗预测结果"":"""",""附件二（80个样品）励磁波形分类结果"":""""}"
Sheet1,164,163,"{""序号"":""163"",""附件三（400个样品）磁芯损耗预测结果"":"""",""附件二（80个样品）励磁波形分类结果"":""""}"
Sheet1,165,164,"{""序号"":""164"",""附件三（400个样品）磁芯损耗预测结果"":"""",""附件二（80个样品）励磁波形分类结果"":""""}"
Sheet1,166,165,"{""序号"":""165"",""附件三（400个样品）磁芯损耗预测结果"":"""",""附件二（80个样品）励磁波形分类结果"":""""}"
Sheet1,167,166,"{""序号"":""166"",""附件三（400个样品）磁芯损耗预测结果"":"""",""附件二（80个样品）励磁波形分类结果"":""""}"
Sheet1,168,167,"{""序号"":""167"",""附件三（400个样品）磁芯损耗预测结果"":"""",""附件二（80个样品）励磁波形分类结果"":""""}"
Sheet1,169,168,"{""序号"":""168"",""附件三（400个样品）磁芯损耗预测结果"":"""",""附件二（80个样品）励磁波形分类结果"":""""}"
Sheet1,170,169,"{""序号"":""169"",""附件三（400个样品）磁芯损耗预测结果"":"""",""附件二（80个样品）励磁波形分类结果"":""""}"
Sheet1,171,170,"{""序号"":""170"",""附件三（400个样品）磁芯损耗预测结果"":"""",""附件二（80个样品）励磁波形分类结果"":""""}"
Sheet1,172,171,"{""序号"":""171"",""附件三（400个样品）磁芯损耗预测结果"":"""",""附件二（80个样品）励磁波形分类结果"":""""}"
Sheet1,173,172,"{""序号"":""172"",""附件三（400个样品）磁芯损耗预测结果"":"""",""附件二（80个样品）励磁波形分类结果"":""""}"
Sheet1,174,173,"{""序号"":""173"",""附件三（400个样品）磁芯损耗预测结果"":"""",""附件二（80个样品）励磁波形分类结果"":""""}"
Sheet1,175,174,"{""序号"":""174"",""附件三（400个样品）磁芯损耗预测结果"":"""",""附件二（80个样品）励磁波形分类结果"":""""}"
Sheet1,176,175,"{""序号"":""175"",""附件三（400个样品）磁芯损耗预测结果"":"""",""附件二（80个样品）励磁波形分类结果"":""""}"
Sheet1,177,176,"{""序号"":""176"",""附件三（400个样品）磁芯损耗预测结果"":"""",""附件二（80个样品）励磁波形分类结果"":""""}"
Sheet1,178,177,"{""序号"":""177"",""附件三（400个样品）磁芯损耗预测结果"":"""",""附件二（80个样品）励磁波形分类结果"":""""}"
Sheet1,179,178,"{""序号"":""178"",""附件三（400个样品）磁芯损耗预测结果"":"""",""附件二（80个样品）励磁波形分类结果"":""""}"
Sheet1,180,179,"{""序号"":""179"",""附件三（400个样品）磁芯损耗预测结果"":"""",""附件二（80个样品）励磁波形分类结果"":""""}"
Sheet1,181,180,"{""序号"":""180"",""附件三（400个样品）磁芯损耗预测结果"":"""",""附件二（80个样品）励磁波形分类结果"":""""}"
Sheet1,182,181,"{""序号"":""181"",""附件三（400个样品）磁芯损耗预测结果"":"""",""附件二（80个样品）励磁波形分类结果"":""""}"
Sheet1,183,182,"{""序号"":""182"",""附件三（400个样品）磁芯损耗预测结果"":"""",""附件二（80个样品）励磁波形分类结果"":""""}"
Sheet1,184,183,"{""序号"":""183"",""附件三（400个样品）磁芯损耗预测结果"":"""",""附件二（80个样品）励磁波形分类结果"":""""}"
Sheet1,185,184,"{""序号"":""184"",""附件三（400个样品）磁芯损耗预测结果"":"""",""附件二（80个样品）励磁波形分类结果"":""""}"
Sheet1,186,185,"{""序号"":""185"",""附件三（400个样品）磁芯损耗预测结果"":"""",""附件二（80个样品）励磁波形分类结果"":""""}"
Sheet1,187,186,"{""序号"":""186"",""附件三（400个样品）磁芯损耗预测结果"":"""",""附件二（80个样品）励磁波形分类结果"":""""}"
Sheet1,188,187,"{""序号"":""187"",""附件三（400个样品）磁芯损耗预测结果"":"""",""附件二（80个样品）励磁波形分类结果"":""""}"
Sheet1,189,188,"{""序号"":""188"",""附件三（400个样品）磁芯损耗预测结果"":"""",""附件二（80个样品）励磁波形分类结果"":""""}"
Sheet1,190,189,"{""序号"":""189"",""附件三（400个样品）磁芯损耗预测结果"":"""",""附件二（80个样品）励磁波形分类结果"":""""}"
Sheet1,191,190,"{""序号"":""190"",""附件三（400个样品）磁芯损耗预测结果"":"""",""附件二（80个样品）励磁波形分类结果"":""""}"
Sheet1,192,191,"{""序号"":""191"",""附件三（400个样品）磁芯损耗预测结果"":"""",""附件二（80个样品）励磁波形分类结果"":""""}"
Sheet1,193,192,"{""序号"":""192"",""附件三（400个样品）磁芯损耗预测结果"":"""",""附件二（80个样品）励磁波形分类结果"":""""}"
Sheet1,194,193,"{""序号"":""193"",""附件三（400个样品）磁芯损耗预测结果"":"""",""附件二（80个样品）励磁波形分类结果"":""""}"
Sheet1,195,194,"{""序号"":""194"",""附件三（400个样品）磁芯损耗预测结果"":"""",""附件二（80个样品）励磁波形分类结果"":""""}"
Sheet1,196,195,"{""序号"":""195"",""附件三（400个样品）磁芯损耗预测结果"":"""",""附件二（80个样品）励磁波形分类结果"":""""}"
Sheet1,197,196,"{""序号"":""196"",""附件三（400个样品）磁芯损耗预测结果"":"""",""附件二（80个样品）励磁波形分类结果"":""""}"
Sheet1,198,197,"{""序号"":""197"",""附件三（400个样品）磁芯损耗预测结果"":"""",""附件二（80个样品）励磁波形分类结果"":""""}"
Sheet1,199,198,"{""序号"":""198"",""附件三（400个样品）磁芯损耗预测结果"":"""",""附件二（80个样品）励磁波形分类结果"":""""}"
Sheet1,200,199,"{""序号"":""199"",""附件三（400个样品）磁芯损耗预测结果"":"""",""附件二（80个样品）励磁波形分类结果"":""""}"
Sheet1,201,200,"{""序号"":""200"",""附件三（400个样品）磁芯损耗预测结果"":"""",""附件二（80个样品）励磁波形分类结果"":""""}"
Sheet1,202,201,"{""序号"":""201"",""附件三（400个样品）磁芯损耗预测结果"":"""",""附件二（80个样品）励磁波形分类结果"":""""}"
Sheet1,203,202,"{""序号"":""202"",""附件三（400个样品）磁芯损耗预测结果"":"""",""附件二（80个样品）励磁波形分类结果"":""""}"
Sheet1,204,203,"{""序号"":""203"",""附件三（400个样品）磁芯损耗预测结果"":"""",""附件二（80个样品）励磁波形分类结果"":""""}"
Sheet1,205,204,"{""序号"":""204"",""附件三（400个样品）磁芯损耗预测结果"":"""",""附件二（80个样品）励磁波形分类结果"":""""}"
Sheet1,206,205,"{""序号"":""205"",""附件三（400个样品）磁芯损耗预测结果"":"""",""附件二（80个样品）励磁波形分类结果"":""""}"
Sheet1,207,206,"{""序号"":""206"",""附件三（400个样品）磁芯损耗预测结果"":"""",""附件二（80个样品）励磁波形分类结果"":""""}"
Sheet1,208,207,"{""序号"":""207"",""附件三（400个样品）磁芯损耗预测结果"":"""",""附件二（80个样品）励磁波形分类结果"":""""}"
Sheet1,209,208,"{""序号"":""208"",""附件三（400个样品）磁芯损耗预测结果"":"""",""附件二（80个样品）励磁波形分类结果"":""""}"
Sheet1,210,209,"{""序号"":""209"",""附件三（400个样品）磁芯损耗预测结果"":"""",""附件二（80个样品）励磁波形分类结果"":""""}"
Sheet1,211,210,"{""序号"":""210"",""附件三（400个样品）磁芯损耗预测结果"":"""",""附件二（80个样品）励磁波形分类结果"":""""}"
Sheet1,212,211,"{""序号"":""211"",""附件三（400个样品）磁芯损耗预测结果"":"""",""附件二（80个样品）励磁波形分类结果"":""""}"
Sheet1,213,212,"{""序号"":""212"",""附件三（400个样品）磁芯损耗预测结果"":"""",""附件二（80个样品）励磁波形分类结果"":""""}"
Sheet1,214,213,"{""序号"":""213"",""附件三（400个样品）磁芯损耗预测结果"":"""",""附件二（80个样品）励磁波形分类结果"":""""}"
Sheet1,215,214,"{""序号"":""214"",""附件三（400个样品）磁芯损耗预测结果"":"""",""附件二（80个样品）励磁波形分类结果"":""""}"
Sheet1,216,215,"{""序号"":""215"",""附件三（400个样品）磁芯损耗预测结果"":"""",""附件二（80个样品）励磁波形分类结果"":""""}"
Sheet1,217,216,"{""序号"":""216"",""附件三（400个样品）磁芯损耗预测结果"":"""",""附件二（80个样品）励磁波形分类结果"":""""}"
Sheet1,218,217,"{""序号"":""217"",""附件三（400个样品）磁芯损耗预测结果"":"""",""附件二（80个样品）励磁波形分类结果"":""""}"
Sheet1,219,218,"{""序号"":""218"",""附件三（400个样品）磁芯损耗预测结果"":"""",""附件二（80个样品）励磁波形分类结果"":""""}"
Sheet1,220,219,"{""序号"":""219"",""附件三（400个样品）磁芯损耗预测结果"":"""",""附件二（80个样品）励磁波形分类结果"":""""}"
Sheet1,221,220,"{""序号"":""220"",""附件三（400个样品）磁芯损耗预测结果"":"""",""附件二（80个样品）励磁波形分类结果"":""""}"
Sheet1,222,221,"{""序号"":""221"",""附件三（400个样品）磁芯损耗预测结果"":"""",""附件二（80个样品）励磁波形分类结果"":""""}"
Sheet1,223,222,"{""序号"":""222"",""附件三（400个样品）磁芯损耗预测结果"":"""",""附件二（80个样品）励磁波形分类结果"":""""}"
Sheet1,224,223,"{""序号"":""223"",""附件三（400个样品）磁芯损耗预测结果"":"""",""附件二（80个样品）励磁波形分类结果"":""""}"
Sheet1,225,224,"{""序号"":""224"",""附件三（400个样品）磁芯损耗预测结果"":"""",""附件二（80个样品）励磁波形分类结果"":""""}"
Sheet1,226,225,"{""序号"":""225"",""附件三（400个样品）磁芯损耗预测结果"":"""",""附件二（80个样品）励磁波形分类结果"":""""}"
Sheet1,227,226,"{""序号"":""226"",""附件三（400个样品）磁芯损耗预测结果"":"""",""附件二（80个样品）励磁波形分类结果"":""""}"
Sheet1,228,227,"{""序号"":""227"",""附件三（400个样品）磁芯损耗预测结果"":"""",""附件二（80个样品）励磁波形分类结果"":""""}"
Sheet1,229,228,"{""序号"":""228"",""附件三（400个样品）磁芯损耗预测结果"":"""",""附件二（80个样品）励磁波形分类结果"":""""}"
Sheet1,230,229,"{""序号"":""229"",""附件三（400个样品）磁芯损耗预测结果"":"""",""附件二（80个样品）励磁波形分类结果"":""""}"
Sheet1,231,230,"{""序号"":""230"",""附件三（400个样品）磁芯损耗预测结果"":"""",""附件二（80个样品）励磁波形分类结果"":""""}"
Sheet1,232,231,"{""序号"":""231"",""附件三（400个样品）磁芯损耗预测结果"":"""",""附件二（80个样品）励磁波形分类结果"":""""}"
Sheet1,233,232,"{""序号"":""232"",""附件三（400个样品）磁芯损耗预测结果"":"""",""附件二（80个样品）励磁波形分类结果"":""""}"
Sheet1,234,233,"{""序号"":""233"",""附件三（400个样品）磁芯损耗预测结果"":"""",""附件二（80个样品）励磁波形分类结果"":""""}"
Sheet1,235,234,"{""序号"":""234"",""附件三（400个样品）磁芯损耗预测结果"":"""",""附件二（80个样品）励磁波形分类结果"":""""}"
Sheet1,236,235,"{""序号"":""235"",""附件三（400个样品）磁芯损耗预测结果"":"""",""附件二（80个样品）励磁波形分类结果"":""""}"
Sheet1,237,236,"{""序号"":""236"",""附件三（400个样品）磁芯损耗预测结果"":"""",""附件二（80个样品）励磁波形分类结果"":""""}"
Sheet1,238,237,"{""序号"":""237"",""附件三（400个样品）磁芯损耗预测结果"":"""",""附件二（80个样品）励磁波形分类结果"":""""}"
Sheet1,239,238,"{""序号"":""238"",""附件三（400个样品）磁芯损耗预测结果"":"""",""附件二（80个样品）励磁波形分类结果"":""""}"
Sheet1,240,239,"{""序号"":""239"",""附件三（400个样品）磁芯损耗预测结果"":"""",""附件二（80个样品）励磁波形分类结果"":""""}"
Sheet1,241,240,"{""序号"":""240"",""附件三（400个样品）磁芯损耗预测结果"":"""",""附件二（80个样品）励磁波形分类结果"":""""}"
Sheet1,242,241,"{""序号"":""241"",""附件三（400个样品）磁芯损耗预测结果"":"""",""附件二（80个样品）励磁波形分类结果"":""""}"
Sheet1,243,242,"{""序号"":""242"",""附件三（400个样品）磁芯损耗预测结果"":"""",""附件二（80个样品）励磁波形分类结果"":""""}"
Sheet1,244,243,"{""序号"":""243"",""附件三（400个样品）磁芯损耗预测结果"":"""",""附件二（80个样品）励磁波形分类结果"":""""}"
Sheet1,245,244,"{""序号"":""244"",""附件三（400个样品）磁芯损耗预测结果"":"""",""附件二（80个样品）励磁波形分类结果"":""""}"
Sheet1,246,245,"{""序号"":""245"",""附件三（400个样品）磁芯损耗预测结果"":"""",""附件二（80个样品）励磁波形分类结果"":""""}"
Sheet1,247,246,"{""序号"":""246"",""附件三（400个样品）磁芯损耗预测结果"":"""",""附件二（80个样品）励磁波形分类结果"":""""}"
Sheet1,248,247,"{""序号"":""247"",""附件三（400个样品）磁芯损耗预测结果"":"""",""附件二（80个样品）励磁波形分类结果"":""""}"
Sheet1,249,248,"{""序号"":""248"",""附件三（400个样品）磁芯损耗预测结果"":"""",""附件二（80个样品）励磁波形分类结果"":""""}"
Sheet1,250,249,"{""序号"":""249"",""附件三（400个样品）磁芯损耗预测结果"":"""",""附件二（80个样品）励磁波形分类结果"":""""}"
Sheet1,251,250,"{""序号"":""250"",""附件三（400个样品）磁芯损耗预测结果"":"""",""附件二（80个样品）励磁波形分类结果"":""""}"
Sheet1,252,251,"{""序号"":""251"",""附件三（400个样品）磁芯损耗预测结果"":"""",""附件二（80个样品）励磁波形分类结果"":""""}"
Sheet1,253,252,"{""序号"":""252"",""附件三（400个样品）磁芯损耗预测结果"":"""",""附件二（80个样品）励磁波形分类结果"":""""}"
Sheet1,254,253,"{""序号"":""253"",""附件三（400个样品）磁芯损耗预测结果"":"""",""附件二（80个样品）励磁波形分类结果"":""""}"
Sheet1,255,254,"{""序号"":""254"",""附件三（400个样品）磁芯损耗预测结果"":"""",""附件二（80个样品）励磁波形分类结果"":""""}"
Sheet1,256,255,"{""序号"":""255"",""附件三（400个样品）磁芯损耗预测结果"":"""",""附件二（80个样品）励磁波形分类结果"":""""}"
Sheet1,257,256,"{""序号"":""256"",""附件三（400个样品）磁芯损耗预测结果"":"""",""附件二（80个样品）励磁波形分类结果"":""""}"
Sheet1,258,257,"{""序号"":""257"",""附件三（400个样品）磁芯损耗预测结果"":"""",""附件二（80个样品）励磁波形分类结果"":""""}"
Sheet1,259,258,"{""序号"":""258"",""附件三（400个样品）磁芯损耗预测结果"":"""",""附件二（80个样品）励磁波形分类结果"":""""}"
Sheet1,260,259,"{""序号"":""259"",""附件三（400个样品）磁芯损耗预测结果"":"""",""附件二（80个样品）励磁波形分类结果"":""""}"
Sheet1,261,260,"{""序号"":""260"",""附件三（400个样品）磁芯损耗预测结果"":"""",""附件二（80个样品）励磁波形分类结果"":""""}"
Sheet1,262,261,"{""序号"":""261"",""附件三（400个样品）磁芯损耗预测结果"":"""",""附件二（80个样品）励磁波形分类结果"":""""}"
Sheet1,263,262,"{""序号"":""262"",""附件三（400个样品）磁芯损耗预测结果"":"""",""附件二（80个样品）励磁波形分类结果"":""""}"
Sheet1,264,263,"{""序号"":""263"",""附件三（400个样品）磁芯损耗预测结果"":"""",""附件二（80个样品）励磁波形分类结果"":""""}"
Sheet1,265,264,"{""序号"":""264"",""附件三（400个样品）磁芯损耗预测结果"":"""",""附件二（80个样品）励磁波形分类结果"":""""}"
Sheet1,266,265,"{""序号"":""265"",""附件三（400个样品）磁芯损耗预测结果"":"""",""附件二（80个样品）励磁波形分类结果"":""""}"
Sheet1,267,266,"{""序号"":""266"",""附件三（400个样品）磁芯损耗预测结果"":"""",""附件二（80个样品）励磁波形分类结果"":""""}"
Sheet1,268,267,"{""序号"":""267"",""附件三（400个样品）磁芯损耗预测结果"":"""",""附件二（80个样品）励磁波形分类结果"":""""}"
Sheet1,269,268,"{""序号"":""268"",""附件三（400个样品）磁芯损耗预测结果"":"""",""附件二（80个样品）励磁波形分类结果"":""""}"
Sheet1,270,269,"{""序号"":""269"",""附件三（400个样品）磁芯损耗预测结果"":"""",""附件二（80个样品）励磁波形分类结果"":""""}"
Sheet1,271,270,"{""序号"":""270"",""附件三（400个样品）磁芯损耗预测结果"":"""",""附件二（80个样品）励磁波形分类结果"":""""}"
Sheet1,272,271,"{""序号"":""271"",""附件三（400个样品）磁芯损耗预测结果"":"""",""附件二（80个样品）励磁波形分类结果"":""""}"
Sheet1,273,272,"{""序号"":""272"",""附件三（400个样品）磁芯损耗预测结果"":"""",""附件二（80个样品）励磁波形分类结果"":""""}"
Sheet1,274,273,"{""序号"":""273"",""附件三（400个样品）磁芯损耗预测结果"":"""",""附件二（80个样品）励磁波形分类结果"":""""}"
Sheet1,275,274,"{""序号"":""274"",""附件三（400个样品）磁芯损耗预测结果"":"""",""附件二（80个样品）励磁波形分类结果"":""""}"
Sheet1,276,275,"{""序号"":""275"",""附件三（400个样品）磁芯损耗预测结果"":"""",""附件二（80个样品）励磁波形分类结果"":""""}"
Sheet1,277,276,"{""序号"":""276"",""附件三（400个样品）磁芯损耗预测结果"":"""",""附件二（80个样品）励磁波形分类结果"":""""}"
Sheet1,278,277,"{""序号"":""277"",""附件三（400个样品）磁芯损耗预测结果"":"""",""附件二（80个样品）励磁波形分类结果"":""""}"
Sheet1,279,278,"{""序号"":""278"",""附件三（400个样品）磁芯损耗预测结果"":"""",""附件二（80个样品）励磁波形分类结果"":""""}"
Sheet1,280,279,"{""序号"":""279"",""附件三（400个样品）磁芯损耗预测结果"":"""",""附件二（80个样品）励磁波形分类结果"":""""}"
Sheet1,281,280,"{""序号"":""280"",""附件三（400个样品）磁芯损耗预测结果"":"""",""附件二（80个样品）励磁波形分类结果"":""""}"
Sheet1,282,281,"{""序号"":""281"",""附件三（400个样品）磁芯损耗预测结果"":"""",""附件二（80个样品）励磁波形分类结果"":""""}"
Sheet1,283,282,"{""序号"":""282"",""附件三（400个样品）磁芯损耗预测结果"":"""",""附件二（80个样品）励磁波形分类结果"":""""}"
Sheet1,284,283,"{""序号"":""283"",""附件三（400个样品）磁芯损耗预测结果"":"""",""附件二（80个样品）励磁波形分类结果"":""""}"
Sheet1,285,284,"{""序号"":""284"",""附件三（400个样品）磁芯损耗预测结果"":"""",""附件二（80个样品）励磁波形分类结果"":""""}"
Sheet1,286,285,"{""序号"":""285"",""附件三（400个样品）磁芯损耗预测结果"":"""",""附件二（80个样品）励磁波形分类结果"":""""}"
Sheet1,287,286,"{""序号"":""286"",""附件三（400个样品）磁芯损耗预测结果"":"""",""附件二（80个样品）励磁波形分类结果"":""""}"
Sheet1,288,287,"{""序号"":""287"",""附件三（400个样品）磁芯损耗预测结果"":"""",""附件二（80个样品）励磁波形分类结果"":""""}"
Sheet1,289,288,"{""序号"":""288"",""附件三（400个样品）磁芯损耗预测结果"":"""",""附件二（80个样品）励磁波形分类结果"":""""}"
Sheet1,290,289,"{""序号"":""289"",""附件三（400个样品）磁芯损耗预测结果"":"""",""附件二（80个样品）励磁波形分类结果"":""""}"
Sheet1,291,290,"{""序号"":""290"",""附件三（400个样品）磁芯损耗预测结果"":"""",""附件二（80个样品）励磁波形分类结果"":""""}"
Sheet1,292,291,"{""序号"":""291"",""附件三（400个样品）磁芯损耗预测结果"":"""",""附件二（80个样品）励磁波形分类结果"":""""}"
Sheet1,293,292,"{""序号"":""292"",""附件三（400个样品）磁芯损耗预测结果"":"""",""附件二（80个样品）励磁波形分类结果"":""""}"
Sheet1,294,293,"{""序号"":""293"",""附件三（400个样品）磁芯损耗预测结果"":"""",""附件二（80个样品）励磁波形分类结果"":""""}"
Sheet1,295,294,"{""序号"":""294"",""附件三（400个样品）磁芯损耗预测结果"":"""",""附件二（80个样品）励磁波形分类结果"":""""}"
Sheet1,296,295,"{""序号"":""295"",""附件三（400个样品）磁芯损耗预测结果"":"""",""附件二（80个样品）励磁波形分类结果"":""""}"
Sheet1,297,296,"{""序号"":""296"",""附件三（400个样品）磁芯损耗预测结果"":"""",""附件二（80个样品）励磁波形分类结果"":""""}"
Sheet1,298,297,"{""序号"":""297"",""附件三（400个样品）磁芯损耗预测结果"":"""",""附件二（80个样品）励磁波形分类结果"":""""}"
Sheet1,299,298,"{""序号"":""298"",""附件三（400个样品）磁芯损耗预测结果"":"""",""附件二（80个样品）励磁波形分类结果"":""""}"
Sheet1,300,299,"{""序号"":""299"",""附件三（400个样品）磁芯损耗预测结果"":"""",""附件二（80个样品）励磁波形分类结果"":""""}"
Sheet1,301,300,"{""序号"":""300"",""附件三（400个样品）磁芯损耗预测结果"":"""",""附件二（80个样品）励磁波形分类结果"":""""}"
Sheet1,302,301,"{""序号"":""301"",""附件三（400个样品）磁芯损耗预测结果"":"""",""附件二（80个样品）励磁波形分类结果"":""""}"
Sheet1,303,302,"{""序号"":""302"",""附件三（400个样品）磁芯损耗预测结果"":"""",""附件二（80个样品）励磁波形分类结果"":""""}"
Sheet1,304,303,"{""序号"":""303"",""附件三（400个样品）磁芯损耗预测结果"":"""",""附件二（80个样品）励磁波形分类结果"":""""}"
Sheet1,305,304,"{""序号"":""304"",""附件三（400个样品）磁芯损耗预测结果"":"""",""附件二（80个样品）励磁波形分类结果"":""""}"
Sheet1,306,305,"{""序号"":""305"",""附件三（400个样品）磁芯损耗预测结果"":"""",""附件二（80个样品）励磁波形分类结果"":""""}"
Sheet1,307,306,"{""序号"":""306"",""附件三（400个样品）磁芯损耗预测结果"":"""",""附件二（80个样品）励磁波形分类结果"":""""}"
Sheet1,308,307,"{""序号"":""307"",""附件三（400个样品）磁芯损耗预测结果"":"""",""附件二（80个样品）励磁波形分类结果"":""""}"
Sheet1,309,308,"{""序号"":""308"",""附件三（400个样品）磁芯损耗预测结果"":"""",""附件二（80个样品）励磁波形分类结果"":""""}"
Sheet1,310,309,"{""序号"":""309"",""附件三（400个样品）磁芯损耗预测结果"":"""",""附件二（80个样品）励磁波形分类结果"":""""}"
Sheet1,311,310,"{""序号"":""310"",""附件三（400个样品）磁芯损耗预测结果"":"""",""附件二（80个样品）励磁波形分类结果"":""""}"
Sheet1,312,311,"{""序号"":""311"",""附件三（400个样品）磁芯损耗预测结果"":"""",""附件二（80个样品）励磁波形分类结果"":""""}"
Sheet1,313,312,"{""序号"":""312"",""附件三（400个样品）磁芯损耗预测结果"":"""",""附件二（80个样品）励磁波形分类结果"":""""}"
Sheet1,314,313,"{""序号"":""313"",""附件三（400个样品）磁芯损耗预测结果"":"""",""附件二（80个样品）励磁波形分类结果"":""""}"
Sheet1,315,314,"{""序号"":""314"",""附件三（400个样品）磁芯损耗预测结果"":"""",""附件二（80个样品）励磁波形分类结果"":""""}"
Sheet1,316,315,"{""序号"":""315"",""附件三（400个样品）磁芯损耗预测结果"":"""",""附件二（80个样品）励磁波形分类结果"":""""}"
Sheet1,317,316,"{""序号"":""316"",""附件三（400个样品）磁芯损耗预测结果"":"""",""附件二（80个样品）励磁波形分类结果"":""""}"
Sheet1,318,317,"{""序号"":""317"",""附件三（400个样品）磁芯损耗预测结果"":"""",""附件二（80个样品）励磁波形分类结果"":""""}"
Sheet1,319,318,"{""序号"":""318"",""附件三（400个样品）磁芯损耗预测结果"":"""",""附件二（80个样品）励磁波形分类结果"":""""}"
Sheet1,320,319,"{""序号"":""319"",""附件三（400个样品）磁芯损耗预测结果"":"""",""附件二（80个样品）励磁波形分类结果"":""""}"
Sheet1,321,320,"{""序号"":""320"",""附件三（400个样品）磁芯损耗预测结果"":"""",""附件二（80个样品）励磁波形分类结果"":""""}"
Sheet1,322,321,"{""序号"":""321"",""附件三（400个样品）磁芯损耗预测结果"":"""",""附件二（80个样品）励磁波形分类结果"":""""}"
Sheet1,323,322,"{""序号"":""322"",""附件三（400个样品）磁芯损耗预测结果"":"""",""附件二（80个样品）励磁波形分类结果"":""""}"
Sheet1,324,323,"{""序号"":""323"",""附件三（400个样品）磁芯损耗预测结果"":"""",""附件二（80个样品）励磁波形分类结果"":""""}"
Sheet1,325,324,"{""序号"":""324"",""附件三（400个样品）磁芯损耗预测结果"":"""",""附件二（80个样品）励磁波形分类结果"":""""}"
Sheet1,326,325,"{""序号"":""325"",""附件三（400个样品）磁芯损耗预测结果"":"""",""附件二（80个样品）励磁波形分类结果"":""""}"
Sheet1,327,326,"{""序号"":""326"",""附件三（400个样品）磁芯损耗预测结果"":"""",""附件二（80个样品）励磁波形分类结果"":""""}"
Sheet1,328,327,"{""序号"":""327"",""附件三（400个样品）磁芯损耗预测结果"":"""",""附件二（80个样品）励磁波形分类结果"":""""}"
Sheet1,329,328,"{""序号"":""328"",""附件三（400个样品）磁芯损耗预测结果"":"""",""附件二（80个样品）励磁波形分类结果"":""""}"
Sheet1,330,329,"{""序号"":""329"",""附件三（400个样品）磁芯损耗预测结果"":"""",""附件二（80个样品）励磁波形分类结果"":""""}"
Sheet1,331,330,"{""序号"":""330"",""附件三（400个样品）磁芯损耗预测结果"":"""",""附件二（80个样品）励磁波形分类结果"":""""}"
Sheet1,332,331,"{""序号"":""331"",""附件三（400个样品）磁芯损耗预测结果"":"""",""附件二（80个样品）励磁波形分类结果"":""""}"
Sheet1,333,332,"{""序号"":""332"",""附件三（400个样品）磁芯损耗预测结果"":"""",""附件二（80个样品）励磁波形分类结果"":""""}"
Sheet1,334,333,"{""序号"":""333"",""附件三（400个样品）磁芯损耗预测结果"":"""",""附件二（80个样品）励磁波形分类结果"":""""}"
Sheet1,335,334,"{""序号"":""334"",""附件三（400个样品）磁芯损耗预测结果"":"""",""附件二（80个样品）励磁波形分类结果"":""""}"
Sheet1,336,335,"{""序号"":""335"",""附件三（400个样品）磁芯损耗预测结果"":"""",""附件二（80个样品）励磁波形分类结果"":""""}"
Sheet1,337,336,"{""序号"":""336"",""附件三（400个样品）磁芯损耗预测结果"":"""",""附件二（80个样品）励磁波形分类结果"":""""}"
Sheet1,338,337,"{""序号"":""337"",""附件三（400个样品）磁芯损耗预测结果"":"""",""附件二（80个样品）励磁波形分类结果"":""""}"
Sheet1,339,338,"{""序号"":""338"",""附件三（400个样品）磁芯损耗预测结果"":"""",""附件二（80个样品）励磁波形分类结果"":""""}"
Sheet1,340,339,"{""序号"":""339"",""附件三（400个样品）磁芯损耗预测结果"":"""",""附件二（80个样品）励磁波形分类结果"":""""}"
Sheet1,341,340,"{""序号"":""340"",""附件三（400个样品）磁芯损耗预测结果"":"""",""附件二（80个样品）励磁波形分类结果"":""""}"
Sheet1,342,341,"{""序号"":""341"",""附件三（400个样品）磁芯损耗预测结果"":"""",""附件二（80个样品）励磁波形分类结果"":""""}"
Sheet1,343,342,"{""序号"":""342"",""附件三（400个样品）磁芯损耗预测结果"":"""",""附件二（80个样品）励磁波形分类结果"":""""}"
Sheet1,344,343,"{""序号"":""343"",""附件三（400个样品）磁芯损耗预测结果"":"""",""附件二（80个样品）励磁波形分类结果"":""""}"
Sheet1,345,344,"{""序号"":""344"",""附件三（400个样品）磁芯损耗预测结果"":"""",""附件二（80个样品）励磁波形分类结果"":""""}"
Sheet1,346,345,"{""序号"":""345"",""附件三（400个样品）磁芯损耗预测结果"":"""",""附件二（80个样品）励磁波形分类结果"":""""}"
Sheet1,347,346,"{""序号"":""346"",""附件三（400个样品）磁芯损耗预测结果"":"""",""附件二（80个样品）励磁波形分类结果"":""""}"
Sheet1,348,347,"{""序号"":""347"",""附件三（400个样品）磁芯损耗预测结果"":"""",""附件二（80个样品）励磁波形分类结果"":""""}"
Sheet1,349,348,"{""序号"":""348"",""附件三（400个样品）磁芯损耗预测结果"":"""",""附件二（80个样品）励磁波形分类结果"":""""}"
Sheet1,350,349,"{""序号"":""349"",""附件三（400个样品）磁芯损耗预测结果"":"""",""附件二（80个样品）励磁波形分类结果"":""""}"
Sheet1,351,350,"{""序号"":""350"",""附件三（400个样品）磁芯损耗预测结果"":"""",""附件二（80个样品）励磁波形分类结果"":""""}"
Sheet1,352,351,"{""序号"":""351"",""附件三（400个样品）磁芯损耗预测结果"":"""",""附件二（80个样品）励磁波形分类结果"":""""}"
Sheet1,353,352,"{""序号"":""352"",""附件三（400个样品）磁芯损耗预测结果"":"""",""附件二（80个样品）励磁波形分类结果"":""""}"
Sheet1,354,353,"{""序号"":""353"",""附件三（400个样品）磁芯损耗预测结果"":"""",""附件二（80个样品）励磁波形分类结果"":""""}"
Sheet1,355,354,"{""序号"":""354"",""附件三（400个样品）磁芯损耗预测结果"":"""",""附件二（80个样品）励磁波形分类结果"":""""}"
Sheet1,356,355,"{""序号"":""355"",""附件三（400个样品）磁芯损耗预测结果"":"""",""附件二（80个样品）励磁波形分类结果"":""""}"
Sheet1,357,356,"{""序号"":""356"",""附件三（400个样品）磁芯损耗预测结果"":"""",""附件二（80个样品）励磁波形分类结果"":""""}"
Sheet1,358,357,"{""序号"":""357"",""附件三（400个样品）磁芯损耗预测结果"":"""",""附件二（80个样品）励磁波形分类结果"":""""}"
Sheet1,359,358,"{""序号"":""358"",""附件三（400个样品）磁芯损耗预测结果"":"""",""附件二（80个样品）励磁波形分类结果"":""""}"
Sheet1,360,359,"{""序号"":""359"",""附件三（400个样品）磁芯损耗预测结果"":"""",""附件二（80个样品）励磁波形分类结果"":""""}"
Sheet1,361,360,"{""序号"":""360"",""附件三（400个样品）磁芯损耗预测结果"":"""",""附件二（80个样品）励磁波形分类结果"":""""}"
Sheet1,362,361,"{""序号"":""361"",""附件三（400个样品）磁芯损耗预测结果"":"""",""附件二（80个样品）励磁波形分类结果"":""""}"
Sheet1,363,362,"{""序号"":""362"",""附件三（400个样品）磁芯损耗预测结果"":"""",""附件二（80个样品）励磁波形分类结果"":""""}"
Sheet1,364,363,"{""序号"":""363"",""附件三（400个样品）磁芯损耗预测结果"":"""",""附件二（80个样品）励磁波形分类结果"":""""}"
Sheet1,365,364,"{""序号"":""364"",""附件三（400个样品）磁芯损耗预测结果"":"""",""附件二（80个样品）励磁波形分类结果"":""""}"
Sheet1,366,365,"{""序号"":""365"",""附件三（400个样品）磁芯损耗预测结果"":"""",""附件二（80个样品）励磁波形分类结果"":""""}"
Sheet1,367,366,"{""序号"":""366"",""附件三（400个样品）磁芯损耗预测结果"":"""",""附件二（80个样品）励磁波形分类结果"":""""}"
Sheet1,368,367,"{""序号"":""367"",""附件三（400个样品）磁芯损耗预测结果"":"""",""附件二（80个样品）励磁波形分类结果"":""""}"
Sheet1,369,368,"{""序号"":""368"",""附件三（400个样品）磁芯损耗预测结果"":"""",""附件二（80个样品）励磁波形分类结果"":""""}"
Sheet1,370,369,"{""序号"":""369"",""附件三（400个样品）磁芯损耗预测结果"":"""",""附件二（80个样品）励磁波形分类结果"":""""}"
Sheet1,371,370,"{""序号"":""370"",""附件三（400个样品）磁芯损耗预测结果"":"""",""附件二（80个样品）励磁波形分类结果"":""""}"
Sheet1,372,371,"{""序号"":""371"",""附件三（400个样品）磁芯损耗预测结果"":"""",""附件二（80个样品）励磁波形分类结果"":""""}"
Sheet1,373,372,"{""序号"":""372"",""附件三（400个样品）磁芯损耗预测结果"":"""",""附件二（80个样品）励磁波形分类结果"":""""}"
Sheet1,374,373,"{""序号"":""373"",""附件三（400个样品）磁芯损耗预测结果"":"""",""附件二（80个样品）励磁波形分类结果"":""""}"
Sheet1,375,374,"{""序号"":""374"",""附件三（400个样品）磁芯损耗预测结果"":"""",""附件二（80个样品）励磁波形分类结果"":""""}"
Sheet1,376,375,"{""序号"":""375"",""附件三（400个样品）磁芯损耗预测结果"":"""",""附件二（80个样品）励磁波形分类结果"":""""}"
Sheet1,377,376,"{""序号"":""376"",""附件三（400个样品）磁芯损耗预测结果"":"""",""附件二（80个样品）励磁波形分类结果"":""""}"
Sheet1,378,377,"{""序号"":""377"",""附件三（400个样品）磁芯损耗预测结果"":"""",""附件二（80个样品）励磁波形分类结果"":""""}"
Sheet1,379,378,"{""序号"":""378"",""附件三（400个样品）磁芯损耗预测结果"":"""",""附件二（80个样品）励磁波形分类结果"":""""}"
Sheet1,380,379,"{""序号"":""379"",""附件三（400个样品）磁芯损耗预测结果"":"""",""附件二（80个样品）励磁波形分类结果"":""""}"
Sheet1,381,380,"{""序号"":""380"",""附件三（400个样品）磁芯损耗预测结果"":"""",""附件二（80个样品）励磁波形分类结果"":""""}"
Sheet1,382,381,"{""序号"":""381"",""附件三（400个样品）磁芯损耗预测结果"":"""",""附件二（80个样品）励磁波形分类结果"":""""}"
Sheet1,383,382,"{""序号"":""382"",""附件三（400个样品）磁芯损耗预测结果"":"""",""附件二（80个样品）励磁波形分类结果"":""""}"
Sheet1,384,383,"{""序号"":""383"",""附件三（400个样品）磁芯损耗预测结果"":"""",""附件二（80个样品）励磁波形分类结果"":""""}"
Sheet1,385,384,"{""序号"":""384"",""附件三（400个样品）磁芯损耗预测结果"":"""",""附件二（80个样品）励磁波形分类结果"":""""}"
Sheet1,386,385,"{""序号"":""385"",""附件三（400个样品）磁芯损耗预测结果"":"""",""附件二（80个样品）励磁波形分类结果"":""""}"
Sheet1,387,386,"{""序号"":""386"",""附件三（400个样品）磁芯损耗预测结果"":"""",""附件二（80个样品）励磁波形分类结果"":""""}"
Sheet1,388,387,"{""序号"":""387"",""附件三（400个样品）磁芯损耗预测结果"":"""",""附件二（80个样品）励磁波形分类结果"":""""}"
Sheet1,389,388,"{""序号"":""388"",""附件三（400个样品）磁芯损耗预测结果"":"""",""附件二（80个样品）励磁波形分类结果"":""""}"
Sheet1,390,389,"{""序号"":""389"",""附件三（400个样品）磁芯损耗预测结果"":"""",""附件二（80个样品）励磁波形分类结果"":""""}"
Sheet1,391,390,"{""序号"":""390"",""附件三（400个样品）磁芯损耗预测结果"":"""",""附件二（80个样品）励磁波形分类结果"":""""}"
Sheet1,392,391,"{""序号"":""391"",""附件三（400个样品）磁芯损耗预测结果"":"""",""附件二（80个样品）励磁波形分类结果"":""""}"
Sheet1,393,392,"{""序号"":""392"",""附件三（400个样品）磁芯损耗预测结果"":"""",""附件二（80个样品）励磁波形分类结果"":""""}"
Sheet1,394,393,"{""序号"":""393"",""附件三（400个样品）磁芯损耗预测结果"":"""",""附件二（80个样品）励磁波形分类结果"":""""}"
Sheet1,395,394,"{""序号"":""394"",""附件三（400个样品）磁芯损耗预测结果"":"""",""附件二（80个样品）励磁波形分类结果"":""""}"
Sheet1,396,395,"{""序号"":""395"",""附件三（400个样品）磁芯损耗预测结果"":"""",""附件二（80个样品）励磁波形分类结果"":""""}"
Sheet1,397,396,"{""序号"":""396"",""附件三（400个样品）磁芯损耗预测结果"":"""",""附件二（80个样品）励磁波形分类结果"":""""}"
Sheet1,398,397,"{""序号"":""397"",""附件三（400个样品）磁芯损耗预测结果"":"""",""附件二（80个样品）励磁波形分类结果"":""""}"
Sheet1,399,398,"{""序号"":""398"",""附件三（400个样品）磁芯损耗预测结果"":"""",""附件二（80个样品）励磁波形分类结果"":""""}"
Sheet1,400,399,"{""序号"":""399"",""附件三（400个样品）磁芯损耗预测结果"":"""",""附件二（80个样品）励磁波形分类结果"":""""}"
Sheet1,401,400,"{""序号"":""400"",""附件三（400个样品）磁芯损耗预测结果"":"""",""附件二（80个样品）励磁波形分类结果"":""""}"
